{"avg_test_loss": 0.26705944395065306, "test_acc": [], "time": 13.422778367996216, "epoch_test_acc": 0.8893}